,Similarity_Score
0,0.6363343
1,0.638811
2,0.58450526
3,0.5787337
4,0.6231004
5,0.5813378
6,0.64179635
7,0.6650171
8,0.6536989
9,0.60675573
10,0.61294544
11,0.5712625
12,0.6536015
13,0.61022043
14,0.626683
15,0.56778765
16,0.6928117
17,0.7104877
18,0.6595
19,0.6380131
20,0.6196475
21,0.5605866
22,0.573196
23,0.5939437
24,0.64249694
25,0.61191785
26,0.6209806
27,0.63293827
28,0.65073884
29,0.6029969
30,0.6651693
31,0.622729
32,0.6914562
33,0.5892827
34,0.65001744
35,0.6870543
36,0.6526921
37,0.6829269
38,0.6268657
39,0.5606123
40,0.69788086
41,0.6022651
42,0.5491324
43,0.57422197
44,0.5598294
45,0.5504804
46,0.81250155
47,0.5991322
48,0.63873225
49,0.6124909
50,0.6617765
51,0.6288656
52,0.6099111
53,0.6234503
54,0.58975786
55,0.7075798
56,0.70125633
57,0.65363455
58,0.6010432
59,0.5727376
60,0.57908314
61,0.61010635
62,0.6083313
63,0.61403155
64,0.6523675
65,0.65092653
66,0.586516
67,0.5984847
68,0.5831039
69,0.6022013
70,0.6517496
71,0.5614072
72,0.63293934
73,0.76417565
74,0.61141264
75,0.60799986
76,0.667125
77,0.6158661
78,0.66649425
79,0.7520788
80,0.63031214
81,0.59284544
82,0.66038823
83,0.78381634
84,0.64084244
85,0.5607816
86,0.61424094
87,0.57894963
88,0.61692196
89,0.5999357
90,0.6562988
91,0.58740306
92,0.5991339
93,0.56900114
94,0.58818305
95,0.6753699
96,0.6061222
97,0.57109857
98,0.6846523
99,0.63031113
100,0.7175623
101,0.6081264
102,0.6108534
103,0.78054154
104,0.58114403
105,0.58662426
106,0.6345147
107,0.6787224
108,0.59487116
109,0.6396743
110,0.566104
111,0.5896973
112,0.6727363
113,0.59463435
114,0.8026573
115,0.60842
116,0.63046086
117,0.62440073
118,0.6170527
119,0.5525767
120,0.6057281
121,0.6773219
122,0.6187649
123,0.5330409
124,0.6585572
125,0.7117169
126,0.68389314
127,0.61337477
128,0.6590102
129,0.6043758
130,0.5911833
131,0.5879337
132,0.6643038
133,0.6643212
134,0.618373
135,0.72661066
136,0.59951264
137,0.6455455
138,0.6663451
139,0.79299784
140,0.6734248
141,0.5835342
142,0.5645453
143,0.5558064
144,0.677727
145,0.59006876
146,0.6756069
147,0.6045483
148,0.6304288
149,0.60267925
150,0.6511149
151,0.6348605
152,0.8202945
153,0.6605943
154,0.62854636
155,0.64758646
156,0.57137513
157,0.5941723
158,0.64445233
159,0.60935307
160,0.6114977
161,0.7462386
162,0.6442972
163,0.6318304
164,0.5784132
165,0.60658777
166,0.6172638
167,0.58025706
168,0.5878877
169,0.62750566
170,0.5734444
171,0.61303395
172,0.59490967
173,0.5689445
174,0.6289997
175,0.6069855
176,0.6594492
177,0.6890458
178,0.67855686
179,0.7330565
180,0.64743286
181,0.6095148
182,0.6186019
183,0.5728869
184,0.63771987
185,0.54092735
186,0.60613847
187,0.7669619
188,0.59969103
189,0.65252787
190,0.6070988
191,0.6240177
192,0.62098473
193,0.59123147
194,0.6095657
195,0.6272018
196,0.577789
197,0.6329986
198,0.6473815
199,0.63434523
200,0.667266
201,0.62648636
202,0.60361534
203,0.59530145
204,0.6553908
205,0.5293906
206,0.6504182
207,0.7164923
208,0.54235625
209,0.64883494
210,0.60247594
211,0.53150994
212,0.59423494
213,0.65756184
214,0.70137227
215,0.6225376
216,0.59427893
217,0.6368599
218,0.64260715
219,0.58057064
220,0.72536445
221,0.70987386
222,0.55113626
223,0.5522394
224,0.554646
225,0.6319666
226,0.8803829
227,0.71832514
228,0.6533466
229,0.5784048
230,0.69907665
231,0.6202419
232,0.6100696
233,0.5741869
234,0.6729842
235,0.5935097
236,0.5797596
237,0.5803262
238,0.575439
239,0.60410166
240,0.59943914
241,0.6022931
242,0.6596589
243,0.59109193
244,0.5638912
245,0.65354383
246,0.61010647
247,0.68300617
248,0.57471025
249,0.63979304
250,0.614081
251,0.8697361
252,0.5551346
253,0.6886265
254,0.68157345
255,0.605152
256,0.5868822
257,0.53766954
258,0.59071815
259,0.63769364
260,0.7324326
261,0.6475892
262,0.6324938
263,0.6645941
264,0.65544283
265,0.6403947
266,0.59818846
267,0.6846214
268,0.6232413
269,0.6031796
270,0.5920013
271,0.632375
272,0.6476526
273,0.6192581
274,0.6977534
275,0.67225343
276,0.5728822
277,0.63257253
278,0.6237365
279,0.6395512
280,0.6265742
281,0.64687103
282,0.61164683
283,0.6289951
284,0.5962528
285,0.53014153
286,0.593867
287,0.6291199
288,0.5857874
289,0.7326674
290,0.62170386
291,0.6335327
292,0.667714
293,0.5568972
294,0.64849776
295,0.8355892
296,0.6046121
297,0.6044608
298,0.6603825
299,0.6070487
300,0.62829363
301,0.78312254
302,0.654464
303,0.6207776
304,0.5698233
305,0.57191354
306,0.6584262
307,0.69800115
308,0.6627125
309,0.7182859
310,0.61758685
311,0.6462942
312,0.6488579
313,0.62470067
314,0.60337126
315,0.8214792
316,0.52545995
317,0.67228127
318,0.62909794
319,0.5871064
320,0.6404324
321,0.55009913
322,0.7050731
323,0.5389774
324,0.64215636
325,0.6439403
326,0.58902305
327,0.6149889
328,0.6193459
329,0.539939
330,0.59443146
331,0.6688559
332,0.61083263
333,0.6172773
334,0.65967363
335,0.58032346
336,0.68236613
337,0.5828376
338,0.70476544
339,0.59352463
340,0.5927643
341,0.62566644
342,0.5626116
343,0.65619195
344,0.6628413
345,0.6324448
346,0.6270546
347,0.6034661
348,0.61268914
349,0.6040139
350,0.6262281
351,0.6843316
352,0.6212654
353,0.60457295
354,0.5900167
355,0.6773727
356,0.64897764
357,0.65112793
358,0.65471196
359,0.5433973
360,0.63205403
361,0.69910336
362,0.60772496
363,0.67530704
364,0.6955349
365,0.7606385
366,0.6127411
367,0.60057765
368,0.6212659
369,0.58363664
370,0.66539836
371,0.56416214
372,0.6891112
373,0.6771666
374,0.6133005
375,0.61659837
376,0.61046815
377,0.5728959
378,0.540426
379,0.6036889
380,0.63682514
381,0.58964914
382,0.62288463
383,0.5665253
384,0.58363926
385,0.5511864
386,0.58090985
387,0.6504803
388,0.63348556
389,0.6321279
390,0.63101983
391,0.58013767
392,0.5851842
393,0.7177073
394,0.55933684
395,0.59651244
396,0.6540876
397,0.5504749
398,0.70608544
399,0.5116077
400,0.560821
401,0.6109306
402,0.6032837
403,0.5929783
404,0.65736496
405,0.678548
406,0.63982284
407,0.66637754
408,0.66924596
409,0.5671344
410,0.59917
411,0.68757206
412,0.5833746
413,0.59878635
414,0.67813486
415,0.5672156
416,0.6054064
417,0.73900485
418,0.64704347
419,0.555017
420,0.5960866
421,0.578857
422,0.7814822
423,0.622287
424,0.7323489
425,0.58322847
426,0.59257996
427,0.55681807
428,0.62213373
429,0.5883057
430,0.73256385
431,0.59342885
432,0.6196041
433,0.6363568
434,0.5669083
435,0.7099023
436,0.6720805
437,0.5816884
438,0.7345298
439,0.64045125
440,0.5810337
441,0.5935302
442,0.6071172
443,0.63786
444,0.60211927
445,0.56815225
446,0.7380974
447,0.5903391
448,0.61757725
449,0.5948519
450,0.675185
451,0.7268953
452,0.6128374
453,0.59753793
454,0.64187163
455,0.638659
456,0.6825389
457,0.58685297
458,0.6403585
459,0.58398616
460,0.6210281
461,0.64700544
462,0.67984843
463,0.6644094
464,0.72638273
465,0.6364686
466,0.71134865
467,0.6463387
468,0.54911673
469,0.6159066
470,0.6353681
471,0.6546012
472,0.671115
473,0.5898325
474,0.59628534
475,0.6872721
476,0.66229516
477,0.66058207
478,0.6223878
479,0.6461918
480,0.56906116
481,0.6437655
482,0.63213253
483,0.68506813
484,0.60811174
485,0.6000145
486,0.6483096
487,0.63803357
488,0.58673406
489,0.65156245
490,0.6503701
491,0.60346353
492,0.7273782
493,0.624151
494,0.63282
495,0.5559889
496,0.6577809
497,0.6814645
498,0.6490457
499,0.65919304
500,0.5740439
501,0.5983623
502,0.6825216
503,0.61723393
504,0.6134696
505,0.6277528
506,0.61106855
507,0.6792027
508,0.6311351
509,0.6613556
510,0.7223613
511,0.6502964
512,0.63300645
513,0.69588864
514,0.57261753
515,0.63377756
516,0.5941204
517,0.74485207
518,0.57592946
519,0.5929861
520,0.7110031
521,0.71704
522,0.6922
523,0.53865474
524,0.61131686
525,0.6105873
526,0.6482292
527,0.601096
528,0.5842287
529,0.6111727
530,0.71445346
531,0.59984064
532,0.5912522
533,0.6597153
534,0.6475112
535,0.69384575
536,0.58453107
537,0.58435506
538,0.6491762
539,0.6069644
540,0.6563754
541,0.61708003
542,0.6873319
543,0.6681359
544,0.6114824
545,0.70527947
546,0.8067001
547,0.5705314
548,0.6270197
549,0.6477865
550,0.6478093
551,0.5753889
552,0.6035134
553,0.6381438
554,0.5872372
555,0.6968606
556,0.58901495
557,0.6843377
558,0.6017912
559,0.6869184
560,0.63424885
561,0.70186925
562,0.7066021
563,0.57297325
564,0.591783
565,0.64944494
566,0.6251455
567,0.6511074
568,0.56804675
569,0.62321067
570,0.57154787
571,0.64662874
572,0.5976597
573,0.60779893
574,0.6626801
575,0.64107037
576,0.5659465
577,0.60585374
578,0.5868673
579,0.64525145
580,0.6274226
581,0.612625
582,0.6659539
583,0.76474226
584,0.6061824
585,0.76876104
586,0.6334111
587,0.66780865
588,0.68376434
589,0.664883
590,0.6448723
591,0.69477487
592,0.5975664
593,0.5869751
594,0.66692233
595,0.62627155
596,0.78868437
597,0.71293837
598,0.59543097
599,0.59970355
600,0.6727096
601,0.7845782
602,0.6835341
603,0.59291345
604,0.7135395
605,0.5951846
606,0.7059692
607,0.58934104
608,0.6418881
609,0.6954067
610,0.66733956
611,0.61385286
612,0.6148626
613,0.6437474
614,0.6147274
615,0.6072008
616,0.7569033
617,0.63966465
618,0.6002688
619,0.6190154
620,0.58261424
621,0.538494
622,0.62364554
623,0.6351228
624,0.6530097
625,0.7127802
626,0.76082814
627,0.5912522
628,0.65252084
629,0.61132574
630,0.6499839
631,0.72303253
632,0.5872805
633,0.58674383
634,0.57992584
635,0.624672
636,0.72264284
637,0.5833183
638,0.74961144
639,0.62725025
640,0.65043485
641,0.5622187
642,0.63529253
643,0.6509222
644,0.7236092
645,0.5822332
646,0.6174582
647,0.61315674
648,0.59697366
649,0.5708235
650,0.64825505
651,0.6290766
652,0.73629075
653,0.6339383
654,0.567795
655,0.64914525
656,0.60636985
657,0.6412256
658,0.59351873
659,0.5972204
660,0.6127706
661,0.6044164
662,0.6110913
663,0.6146735
664,0.57182807
665,0.658411
666,0.77597415
667,0.8279674
668,0.6488507
669,0.5696677
670,0.80288076
671,0.6281031
672,0.62997866
673,0.6387356
674,0.74520546
675,0.6579001
676,0.6112032
677,0.62065196
678,0.6029116
679,0.6238577
680,0.6225021
681,0.62332916
682,0.7231409
683,0.7082644
684,0.58212787
685,0.65543175
686,0.58997715
687,0.5887488
688,0.60136515
689,0.650405
690,0.69550145
691,0.59761685
692,0.61165154
693,0.6024482
694,0.6618211
695,0.6188621
696,0.59158605
697,0.57268775
698,0.5899682
699,0.67118174
700,0.59954226
701,0.6134826
702,0.6680363
703,0.72374827
704,0.62334543
705,0.6416064
706,0.76856685
707,0.61766386
708,0.5860239
709,0.6391703
710,0.6173593
711,0.6177033
712,0.5842676
713,0.6188106
714,0.5649731
715,0.6264879
716,0.6341109
717,0.6297192
718,0.62437415
719,0.60556644
720,0.6015735
721,0.58413374
722,0.69393253
723,0.5764847
724,0.6513699
725,0.71339154
726,0.61518025
727,0.6167966
728,0.5873318
729,0.61797285
730,0.62028503
731,0.6018136
732,0.6531124
733,0.72297055
734,0.5619733
735,0.5764768
736,0.62882
737,0.63671654
738,0.6388821
739,0.6397754
740,0.6536391
741,0.5849165
742,0.61692935
743,0.5913992
744,0.6537443
745,0.73565984
746,0.6186213
747,0.59444624
748,0.5555804
749,0.69012564
750,0.63901615
751,0.58610266
752,0.75666183
753,0.61511075
754,0.68230546
755,0.6275566
756,0.6380837
757,0.78375053
758,0.5781098
759,0.6604867
760,0.7222146
761,0.6839116
762,0.5595491
763,0.65411353
764,0.5615282
765,0.65211236
766,0.5736048
767,0.71478456
768,0.69135416
769,0.71536994
770,0.54478925
771,0.63342464
772,0.62591875
773,0.6842397
774,0.73681283
775,0.69697016
776,0.6117284
777,0.6660632
778,0.69837123
779,0.57740724
780,0.62929523
781,0.6758857
782,0.5478569
783,0.6737956
784,0.71192646
785,0.62626696
786,0.618786
787,0.56141293
788,0.5337032
789,0.62617075
790,0.5862261
791,0.673476
792,0.61243075
793,0.6934552
794,0.6110287
795,0.6106849
796,0.5865748
797,0.60611475
798,0.58162147
799,0.59997666
800,0.72007966
801,0.6179257
802,0.6624354
803,0.5864605
804,0.7169559
805,0.6304035
806,0.559779
807,0.74799776
808,0.63186175
809,0.61866516
810,0.6320144
811,0.75692177
812,0.6108133
813,0.75462997
814,0.6397467
815,0.5951042
816,0.61682326
817,0.70757484
818,0.6095946
819,0.6070469
820,0.56502044
821,0.69414485
822,0.60058695
823,0.6333515
824,0.6559633
825,0.6255368
826,0.614306
827,0.6380274
828,0.6174535
829,0.5359116
830,0.82552856
831,0.6127788
832,0.62762415
833,0.5931312
834,0.5894709
835,0.5882813
836,0.6304104
837,0.78850317
838,0.5506337
839,0.67148507
840,0.63062435
841,0.66676015
842,0.6343238
843,0.64993006
844,0.63442284
845,0.6137439
846,0.59821045
847,0.62605554
848,0.61267763
849,0.6749781
850,0.60805595
851,0.59096825
852,0.6067947
853,0.6962466
854,0.550162
855,0.6239263
856,0.6403439
857,0.56942713
858,0.58511555
859,0.6027471
860,0.6298064
861,0.64593154
862,0.5793714
863,0.5999255
864,0.64737856
865,0.6274716
866,0.65146446
867,0.55843884
868,0.716141
869,0.6568923
870,0.6350317
871,0.6037332
872,0.5887914
873,0.60722554
874,0.62300754
875,0.57845235
876,0.59142864
877,0.6078274
878,0.58902824
879,0.6059226
880,0.55357504
881,0.53065664
882,0.621875
883,0.5960493
884,0.62654305
885,0.56215465
886,0.60726833
887,0.6077575
888,0.5945516
889,0.67837036
890,0.76200205
891,0.55242765
892,0.6482382
893,0.5851676
894,0.61176336
895,0.7192042
896,0.5777144
897,0.62769467
898,0.65554917
899,0.74763834
900,0.65141624
901,0.70893633
902,0.5913957
903,0.6353902
904,0.68381584
905,0.6210467
906,0.6300448
907,0.61075526
908,0.62281173
909,0.68511784
910,0.53929126
911,0.56551075
912,0.67136407
913,0.72742856
914,0.67333555
915,0.5720378
916,0.6947533
917,0.63194335
918,0.57473576
919,0.6047752
920,0.6334872
921,0.59721345
922,0.6428727
923,0.6113733
924,0.65248835
925,0.5340284
926,0.69685984
927,0.6673253
928,0.6241529
929,0.6614089
930,0.65735
931,0.6701431
932,0.6119687
933,0.6436002
934,0.6491687
935,0.569575
936,0.5596443
937,0.6629275
938,0.6105286
939,0.6384592
940,0.57676214
941,0.70457804
942,0.5261003
943,0.60553014
944,0.60198593
945,0.6021651
946,0.6917382
947,0.58618504
948,0.5501028
949,0.7283202
950,0.6073279
951,0.61463237
952,0.5447432
953,0.5979163
954,0.6867011
955,0.627077
956,0.6194488
957,0.5924973
958,0.5806545
959,0.69114023
960,0.6538267
961,0.6886567
962,0.608757
963,0.5829193
964,0.61925155
965,0.6389656
966,0.7929069
967,0.5482899
968,0.6091801
969,0.6446901
970,0.5827081
971,0.5378499
972,0.5491985
973,0.5773072
974,0.77622616
975,0.60810906
976,0.6846225
977,0.57511216
978,0.58554363
979,0.7259753
980,0.63408065
981,0.5909399
982,0.70310676
983,0.6972593
984,0.6558268
985,0.60458916
986,0.663177
987,0.59236217
988,0.6828102
989,0.62305576
990,0.594372
991,0.6132499
992,0.6202452
993,0.57374877
994,0.59982497
995,0.67419237
996,0.7066788
997,0.62066007
998,0.5954938
999,0.5698994
1000,0.7838349
1001,0.615126
1002,0.5165343
1003,0.5274472
1004,0.53800446
1005,0.6221493
1006,0.6844332
1007,0.79398704
1008,0.6113807
1009,0.5988082
1010,0.6497055
1011,0.61911035
1012,0.60220516
1013,0.6295626
1014,0.56205994
1015,0.6077853
1016,0.6289552
1017,0.5263164
1018,0.6350335
1019,0.6014514
1020,0.5837562
1021,0.59923327
1022,0.63218874
1023,0.7545947
1024,0.6815458
1025,0.6168153
1026,0.66332746
1027,0.6077553
1028,0.61761916
1029,0.68211806
1030,0.70289695
1031,0.67563426
1032,0.6385945
1033,0.6077714
1034,0.56400007
1035,0.5947313
1036,0.6116384
1037,0.65435684
1038,0.60617113
1039,0.56038547
1040,0.5916443
1041,0.6663219
1042,0.6214737
1043,0.66085505
1044,0.65403974
1045,0.7397449
1046,0.61574996
1047,0.69229496
1048,0.7152806
1049,0.6280098
1050,0.6445447
1051,0.6272801
1052,0.53943604
1053,0.61424154
1054,0.63586044
1055,0.60907704
1056,0.6207103
1057,0.58930236
1058,0.6403727
1059,0.5815354
1060,0.55113536
1061,0.6411739
1062,0.6418186
1063,0.5788616
1064,0.74350214
1065,0.6096784
1066,0.6159651
1067,0.76640093
1068,0.62143725
1069,0.6201621
1070,0.58516335
1071,0.5853472
1072,0.6711936
1073,0.6280742
1074,0.5961102
1075,0.61891675
1076,0.59890854
1077,0.57807934
1078,0.5699575
1079,0.5780254
1080,0.5925416
1081,0.5640433
1082,0.63188946
1083,0.5963715
1084,0.65320706
1085,0.5938858
1086,0.59984475
1087,0.6750189
1088,0.6112805
1089,0.64765435
1090,0.6909495
1091,0.73156196
1092,0.65632236
1093,0.58558327
1094,0.65283006
1095,0.5819019
1096,0.5929291
1097,0.76425576
1098,0.67302144
1099,0.6118823
1100,0.59156513
1101,0.61738634
1102,0.5482327
1103,0.63891816
1104,0.61730355
1105,0.60312647
1106,0.60610896
1107,0.60733694
1108,0.6222643
1109,0.5461811
1110,0.5931962
1111,0.6686442
1112,0.5590519
1113,0.6745103
1114,0.6219021
1115,0.6222869
1116,0.6551685
1117,0.62607086
1118,0.6158061
1119,0.6699804
1120,0.55993265
1121,0.6437021
1122,0.5698693
1123,0.604601
1124,0.68871486
1125,0.64360076
1126,0.6427916
1127,0.679363
1128,0.63980055
1129,0.6012635
1130,0.6607971
1131,0.6831614
1132,0.5965221
1133,0.5490124
1134,0.6330757
1135,0.63254875
1136,0.68776596
1137,0.6240197
1138,0.6337699
1139,0.564101
1140,0.591997
1141,0.57787013
1142,0.5835419
1143,0.59906125
1144,0.6677216
1145,0.65953344
1146,0.58077115
1147,0.66130686
1148,0.5656813
1149,0.5836856
1150,0.55563337
1151,0.64618176
1152,0.6063351
1153,0.6636192
1154,0.60352874
1155,0.7441045
1156,0.6119725
1157,0.6745479
1158,0.62741184
1159,0.61216754
1160,0.6745825
1161,0.56968904
1162,0.6981868
1163,0.5655733
1164,0.6400733
1165,0.63730204
1166,0.58226866
1167,0.64182365
1168,0.5577238
1169,0.5976413
1170,0.663028
1171,0.5891225
1172,0.6229006
1173,0.6656416
1174,0.6252893
1175,0.61803126
1176,0.5855664
1177,0.5859883
1178,0.7705908
1179,0.5374787
1180,0.5826138
1181,0.5959307
1182,0.63211894
1183,0.6114666
1184,0.594025
1185,0.64409655
1186,0.6811643
1187,0.683203
1188,0.61337304
1189,0.6624508
1190,0.58018124
1191,0.6834481
1192,0.64224243
1193,0.5794365
1194,0.7381303
1195,0.6347591
1196,0.60412353
1197,0.64540076
1198,0.6331976
1199,0.69136727
1200,0.78886694
1201,0.5802296
1202,0.75427425
1203,0.6389775
1204,0.6239371
1205,0.57756275
1206,0.6447351
1207,0.67815745
1208,0.5580847
1209,0.69176555
1210,0.5944428
1211,0.63254166
1212,0.5789486
1213,0.6183562
1214,0.60806227
1215,0.5985737
1216,0.64421946
1217,0.63756573
1218,0.64356935
1219,0.5705715
1220,0.5562468
1221,0.8133863
1222,0.71716297
1223,0.59700686
1224,0.59101987
1225,0.5974545
1226,0.68134224
1227,0.69313335
1228,0.68174267
1229,0.6663721
1230,0.6221287
1231,0.5830678
1232,0.5971049
1233,0.67343616
1234,0.64701355
1235,0.6974969
1236,0.69867456
1237,0.6287742
1238,0.6624876
1239,0.76387113
1240,0.621207
1241,0.6619519
1242,0.6483256
1243,0.5987123
1244,0.69040656
1245,0.6507188
1246,0.54857296
1247,0.5810832
1248,0.67312896
1249,0.5922933
1250,0.62919503
1251,0.57139707
1252,0.6643315
1253,0.67882246
1254,0.5866989
1255,0.6787398
1256,0.6268155
1257,0.6582135
1258,0.61907023
1259,0.6374696
1260,0.58661777
1261,0.5538002
1262,0.6000744
1263,0.6098969
1264,0.6134795
1265,0.65163505
1266,0.62303853
1267,0.5477318
1268,0.6102964
1269,0.54326797
1270,0.6473791
1271,0.56526566
1272,0.57824427
1273,0.6289139
1274,0.5957267
1275,0.6207309
1276,0.61875844
1277,0.7514601
1278,0.59318066
1279,0.63850474
1280,0.59963506
1281,0.6200059
1282,0.6244327
1283,0.6973695
1284,0.6502294
1285,0.7921481
1286,0.6072581
1287,0.728522
1288,0.5452694
1289,0.55965924
1290,0.63038385
1291,0.6424077
1292,0.58866626
1293,0.64141595
1294,0.63122547
1295,0.6185145
1296,0.6746462
1297,0.61295813
1298,0.6631587
1299,0.6043558
1300,0.70481503
1301,0.59240866
1302,0.5754454
1303,0.6001894
1304,0.6591049
1305,0.6151042
1306,0.6475597
1307,0.59686434
1308,0.7420268
1309,0.6567902
1310,0.66397667
1311,0.59992754
1312,0.6131838
1313,0.6680801
1314,0.7128608
1315,0.6132914
1316,0.6059944
1317,0.5717163
1318,0.6110593
1319,0.5634918
1320,0.5782005
1321,0.7049278
1322,0.6017415
1323,0.6578704
1324,0.58909994
1325,0.6045442
1326,0.6171651
1327,0.59908265
1328,0.6384448
1329,0.5924772
1330,0.57499444
1331,0.57571304
1332,0.5439644
1333,0.6228825
1334,0.7002019
1335,0.62935776
1336,0.7756858
1337,0.61687493
1338,0.6513629
1339,0.6872023
1340,0.6085393
1341,0.58971643
1342,0.6374504
1343,0.59197634
1344,0.6548232
1345,0.5861724
1346,0.6243809
1347,0.5797024
1348,0.7540238
1349,0.64830387
1350,0.5956353
1351,0.613348
1352,0.5679102
1353,0.6702555
1354,0.64785594
1355,0.61720943
1356,0.68614733
1357,0.7055159
1358,0.6148428
1359,0.5984967
1360,0.5705296
1361,0.57581174
1362,0.53460014
1363,0.5703882
1364,0.637146
1365,0.75212014
1366,0.5396869
1367,0.6096122
1368,0.63805234
1369,0.74667966
1370,0.5953862
1371,0.65749806
1372,0.7091053
1373,0.6216918
1374,0.60568804
1375,0.6287532
1376,0.60646033
1377,0.50022304
1378,0.58189464
1379,0.6681403
1380,0.641408
1381,0.6607208
1382,0.650145
1383,0.6481868
1384,0.61089265
1385,0.66389626
1386,0.5814663
1387,0.67711353
1388,0.81482893
1389,0.63786495
1390,0.56834733
1391,0.56781846
1392,0.5650385
1393,0.64469284
1394,0.63948536
1395,0.6049609
1396,0.58612925
1397,0.6216508
1398,0.60800904
1399,0.72262496
1400,0.65575767
1401,0.5979299
1402,0.6112223
1403,0.6327728
1404,0.6570912
1405,0.60083973
1406,0.6969236
1407,0.68614674
1408,0.62752914
1409,0.60615
1410,0.7302886
1411,0.6354157
1412,0.6136952
1413,0.6778276
1414,0.82077765
1415,0.5732947
1416,0.6417958
1417,0.59719276
1418,0.61501294
1419,0.7614433
1420,0.5610828
1421,0.6277702
1422,0.7450089
1423,0.6909532
1424,0.55992186
1425,0.5930658
1426,0.63234085
1427,0.6422113
1428,0.6205943
1429,0.5969633
1430,0.5554441
1431,0.78740335
1432,0.7779573
1433,0.6361946
1434,0.6022165
1435,0.6466593
1436,0.5495983
1437,0.55533105
1438,0.5841086
1439,0.63387513
1440,0.6136572
1441,0.62413096
1442,0.6331703
1443,0.5897239
1444,0.7579746
1445,0.6358422
1446,0.54290485
1447,0.60918885
1448,0.5967232
1449,0.6046286
1450,0.70448995
1451,0.67444646
1452,0.61359406
1453,0.7510031
1454,0.69510657
1455,0.6308302
1456,0.6474858
1457,0.63016653
1458,0.69776726
1459,0.6215843
1460,0.6655264
1461,0.6005441
1462,0.6040466
1463,0.62136996
1464,0.71382254
1465,0.54606223
1466,0.5775007
1467,0.720783
1468,0.6799676
1469,0.5994846
1470,0.67611986
1471,0.7661079
1472,0.5372589
1473,0.6318064
1474,0.5817834
1475,0.5519515
1476,0.68703806
1477,0.64180917
1478,0.60714597
1479,0.7046046
1480,0.64800644
1481,0.57705873
1482,0.57542104
1483,0.68595284
1484,0.83311105
1485,0.79272616
1486,0.6139358
1487,0.55033004
1488,0.531424
1489,0.6307535
1490,0.5613949
1491,0.6388332
1492,0.58131135
1493,0.59401494
1494,0.63769877
1495,0.63216656
1496,0.6519625
1497,0.60327953
1498,0.7242054
1499,0.65139484
1500,0.65030104
1501,0.6986309
1502,0.6413773
1503,0.69751656
1504,0.61446595
1505,0.636606
1506,0.60469747
1507,0.66888934
1508,0.59146297
1509,0.5653025
1510,0.75509465
1511,0.6479142
1512,0.7255662
1513,0.6685117
1514,0.59293866
1515,0.6247869
1516,0.58902735
1517,0.59466535
1518,0.5906804
1519,0.59806925
1520,0.6117598
1521,0.6142623
1522,0.63200337
1523,0.78683484
1524,0.63408494
1525,0.60747105
1526,0.5718692
1527,0.6640643
1528,0.5825863
1529,0.61189115
1530,0.67895573
1531,0.54156584
1532,0.5890718
1533,0.71811664
1534,0.579864
1535,0.6492069
1536,0.6295537
1537,0.6472175
1538,0.7350766
1539,0.5645782
1540,0.610263
1541,0.60441715
1542,0.6292035
1543,0.6577868
1544,0.5728981
1545,0.5912939
1546,0.6717747
1547,0.66041666
1548,0.6702311
1549,0.6298976
1550,0.63059497
1551,0.6393518
1552,0.6209186
1553,0.5930815
1554,0.63186383
1555,0.70454884
1556,0.6549194
1557,0.5630482
1558,0.60494596
1559,0.6139203
1560,0.5886973
1561,0.6383146
1562,0.61604744
1563,0.5867959
1564,0.66895247
1565,0.6377957
1566,0.61107063
1567,0.6034392
1568,0.58261764
1569,0.6281426
1570,0.5493201
1571,0.65092176
1572,0.616462
1573,0.6407106
1574,0.6460196
1575,0.59824157
1576,0.61653835
1577,0.65347576
1578,0.6557683
1579,0.5994533
1580,0.5963965
1581,0.57938725
1582,0.6067636
1583,0.63803077
1584,0.6064663
1585,0.6124117
1586,0.62560976
1587,0.587882
1588,0.6336333
1589,0.56056464
1590,0.615886
1591,0.6353729
1592,0.6478534
1593,0.6130695
1594,0.6374109
1595,0.67507094
1596,0.5924558
1597,0.7178019
1598,0.7118393
1599,0.59277666
1600,0.581289
1601,0.6032826
1602,0.63656926
1603,0.62322754
1604,0.6095425
1605,0.6296427
1606,0.61725205
1607,0.5875461
1608,0.5611285
1609,0.5856571
1610,0.6540121
1611,0.5965859
1612,0.6164703
1613,0.56801504
1614,0.5745883
1615,0.5407592
1616,0.5416651
1617,0.6166152
1618,0.59677964
1619,0.626672
1620,0.6264453
1621,0.5722139
1622,0.69065017
1623,0.61569774
1624,0.5906083
1625,0.6105151
1626,0.5722801
1627,0.61196387
1628,0.58069587
1629,0.74040186
1630,0.6965153
1631,0.65040153
1632,0.62115914
1633,0.6162174
1634,0.6288178
1635,0.6649433
1636,0.69008106
1637,0.5916312
1638,0.5857971
1639,0.61004287
1640,0.6589324
1641,0.6689233
1642,0.5955804
1643,0.66247076
1644,0.629965
1645,0.5594218
1646,0.6682605
1647,0.6167853
1648,0.7777333
1649,0.5901909
1650,0.53829724
1651,0.6305464
1652,0.7425805
1653,0.6398037
1654,0.66624326
1655,0.6728506
1656,0.6227792
1657,0.6337103
1658,0.72435355
1659,0.71538484
1660,0.6002285
1661,0.56155956
1662,0.64274913
1663,0.63207173
1664,0.6787111
1665,0.5518478
1666,0.6091915
1667,0.7113001
1668,0.7106594
1669,0.5718732
1670,0.7135453
1671,0.78110194
1672,0.68176126
1673,0.64426416
1674,0.66171575
1675,0.62211776
1676,0.6127524
1677,0.687432
1678,0.6942149
1679,0.59636915
1680,0.5908313
1681,0.60697067
1682,0.6141746
1683,0.5723015
1684,0.619978
1685,0.63047576
1686,0.58315915
1687,0.58814824
1688,0.68113065
1689,0.6816217
1690,0.5731291
1691,0.6420736
1692,0.5907614
1693,0.73697186
1694,0.6317401
1695,0.6607162
1696,0.5877082
1697,0.6572831
1698,0.6346485
1699,0.5879954
1700,0.68282366
1701,0.6203295
1702,0.54859775
1703,0.5741277
1704,0.6239364
1705,0.57622486
1706,0.63568765
1707,0.6493394
1708,0.65085423
1709,0.588918
1710,0.6948529
1711,0.58603936
1712,0.57063437
1713,0.66790354
1714,0.5190305
1715,0.5454523
1716,0.6307103
1717,0.6380951
1718,0.6338321
1719,0.6161406
1720,0.66907
1721,0.62871325
1722,0.63847315
1723,0.60481703
1724,0.6296732
1725,0.8107106
1726,0.65142614
1727,0.62132293
1728,0.56142855
1729,0.5857413
1730,0.5826224
1731,0.6708651
1732,0.6415572
1733,0.7044495
1734,0.60485196
1735,0.6387345
1736,0.55267143
1737,0.6918354
1738,0.6109465
1739,0.74682784
1740,0.65211344
1741,0.67035747
1742,0.7221949
1743,0.59580535
1744,0.6444171
1745,0.5960866
1746,0.6477091
1747,0.66755426
1748,0.72394526
1749,0.6878425
1750,0.56610537
1751,0.5678726
1752,0.637432
1753,0.5909674
1754,0.67024124
1755,0.6561645
1756,0.63116664
1757,0.6249329
1758,0.7212732
1759,0.61327374
1760,0.5979158
1761,0.58869344
1762,0.60641575
1763,0.73769796
1764,0.5684407
1765,0.67300606
1766,0.64701116
1767,0.6222287
1768,0.63028526
1769,0.65652204
1770,0.63024306
1771,0.58078116
1772,0.7016016
1773,0.56753874
1774,0.57262725
1775,0.57081914
1776,0.6150852
1777,0.65774584
1778,0.6198229
1779,0.6288138
1780,0.60703385
1781,0.5912783
1782,0.6045829
1783,0.6302777
1784,0.6427371
1785,0.585041
1786,0.6118936
1787,0.62822604
1788,0.65009105
1789,0.5982287
1790,0.67138684
1791,0.6320732
1792,0.66360134
1793,0.60998267
1794,0.6456717
1795,0.5817095
1796,0.5954396
1797,0.5639754
1798,0.67862463
1799,0.5869565
1800,0.64575744
1801,0.64440256
1802,0.64590794
1803,0.60096484
1804,0.58129865
1805,0.62289095
1806,0.5913139
1807,0.6077554
1808,0.62876666
1809,0.6727202
1810,0.69589275
1811,0.67035514
1812,0.67176044
1813,0.61200744
1814,0.6745032
1815,0.6464135
1816,0.64312905
1817,0.5952215
1818,0.5934099
1819,0.6695476
1820,0.6878146
1821,0.62559676
1822,0.60619575
1823,0.63108003
1824,0.6982139
1825,0.6076778
1826,0.5866842
1827,0.6509427
1828,0.6866038
1829,0.59018403
1830,0.6420152
1831,0.6235224
1832,0.7195505
1833,0.7068247
1834,0.75081205
1835,0.62483746
1836,0.7043394
1837,0.5866097
1838,0.63645715
1839,0.6260976
1840,0.5729078
1841,0.633136
1842,0.6628709
1843,0.61641943
1844,0.60400283
1845,0.6814205
1846,0.557977
1847,0.6941149
1848,0.639683
1849,0.70271134
1850,0.7547289
1851,0.5615476
1852,0.6041854
1853,0.58945775
1854,0.6129253
1855,0.65324324
1856,0.5870911
1857,0.6092527
1858,0.6865132
1859,0.6166515
1860,0.6541256
1861,0.63620776
1862,0.6954749
1863,0.55439067
1864,0.54927456
1865,0.65936416
1866,0.59529203
1867,0.5872108
1868,0.55265987
1869,0.5924567
1870,0.5938622
1871,0.6505055
1872,0.60242933
1873,0.5642582
1874,0.5529222
1875,0.5968004
1876,0.7004044
1877,0.7318769
1878,0.73086655
1879,0.60456234
1880,0.5748129
1881,0.62285846
1882,0.7051637
1883,0.6212081
1884,0.58122987
1885,0.6250425
1886,0.731061
1887,0.59138113
1888,0.5820655
1889,0.6816664
1890,0.7315958
1891,0.6410334
1892,0.61342084
1893,0.62618786
1894,0.64936405
1895,0.6310353
1896,0.60037786
1897,0.65245545
1898,0.6327645
1899,0.5842989
1900,0.6338051
1901,0.5764071
1902,0.6845143
1903,0.5953492
1904,0.6420237
1905,0.7165446
1906,0.75652957
1907,0.58458275
1908,0.6429417
1909,0.5548135
1910,0.61851984
1911,0.6286581
1912,0.60545206
1913,0.57226115
1914,0.57890564
1915,0.709749
1916,0.57842565
1917,0.709748
1918,0.75825155
1919,0.61489934
1920,0.6402068
1921,0.62792337
1922,0.6043118
1923,0.5740714
1924,0.5725473
1925,0.7497703
1926,0.6221703
1927,0.6006856
1928,0.5989138
1929,0.64161634
1930,0.6661665
1931,0.5890128
1932,0.58305526
1933,0.6665893
1934,0.67041564
1935,0.58562464
1936,0.71114725
1937,0.62188065
1938,0.6589746
1939,0.6502004
1940,0.6868633
1941,0.6588162
1942,0.5841885
1943,0.5561238
1944,0.5769851
1945,0.62597126
1946,0.61249614
1947,0.6124066
1948,0.7242053
1949,0.6635929
1950,0.601189
1951,0.5858366
1952,0.5760038
1953,0.71884096
1954,0.61647016
1955,0.6768186
1956,0.5793286
1957,0.6608256
1958,0.58674127
1959,0.6299312
1960,0.5752269
1961,0.58309984
1962,0.62363565
1963,0.7209265
1964,0.6119846
1965,0.69708633
1966,0.55997837
1967,0.7036798
1968,0.5954279
1969,0.62184393
1970,0.5575878
1971,0.6144447
1972,0.68272156
1973,0.6284763
1974,0.63689363
1975,0.63848794
1976,0.63029015
1977,0.6401691
1978,0.6078335
1979,0.6500694
1980,0.59209394
1981,0.59808046
1982,0.61916935
1983,0.6395
1984,0.5748651
1985,0.61084455
1986,0.60126483
1987,0.6682807
1988,0.6823744
1989,0.59125566
1990,0.6161001
1991,0.606014
1992,0.7423944
1993,0.69976026
1994,0.6346416
1995,0.6214103
1996,0.58815676
1997,0.5608463
1998,0.6192044
1999,0.5903856
2000,0.6311227
2001,0.6045925
2002,0.56080306
2003,0.7179761
2004,0.6002746
2005,0.6131747
2006,0.56646514
2007,0.64967215
2008,0.655168
2009,0.5901499
2010,0.70681924
2011,0.6065395
2012,0.60618544
2013,0.6753139
2014,0.5712275
2015,0.68695664
2016,0.5889313
2017,0.62775
2018,0.65594524
2019,0.63422066
2020,0.6838678
2021,0.6148532
2022,0.6763822
2023,0.57968265
2024,0.6576496
2025,0.6556003
2026,0.58611244
2027,0.57972646
2028,0.6905192
2029,0.592646
2030,0.6288942
2031,0.7403711
2032,0.6362793
2033,0.6256387
2034,0.76979595
2035,0.65187746
2036,0.60552424
2037,0.58637124
2038,0.618999
2039,0.6316253
2040,0.61639994
2041,0.61493486
2042,0.65440047
2043,0.6376721
2044,0.619822
2045,0.63735014
2046,0.6216221
2047,0.56780887
2048,0.71558535
2049,0.6378468
2050,0.8070619
2051,0.7843078
2052,0.6467507
2053,0.5409389
2054,0.56036866
2055,0.6056535
2056,0.6218463
2057,0.6768484
2058,0.81191
2059,0.6386745
2060,0.6355062
2061,0.6230756
2062,0.67097765
2063,0.6505668
2064,0.6095422
2065,0.7051754
2066,0.70852554
2067,0.648643
2068,0.633553
2069,0.5482876
2070,0.6360244
2071,0.552152
2072,0.5908851
2073,0.63013285
2074,0.66266096
2075,0.7304466
2076,0.53471124
2077,0.63897055
2078,0.6623236
2079,0.66173536
2080,0.86108106
2081,0.65919477
2082,0.6747508
2083,0.6341888
2084,0.71027905
2085,0.60388184
2086,0.6493448
2087,0.7134116
2088,0.642553
2089,0.5607983
2090,0.5700236
2091,0.6528253
2092,0.75275004
2093,0.6887108
2094,0.61808574
2095,0.61277896
2096,0.57518893
2097,0.587698
2098,0.65293074
2099,0.59454876
2100,0.59866285
2101,0.6421312
2102,0.60144967
2103,0.57318586
2104,0.5931036
2105,0.6225367
2106,0.62255096
2107,0.7397866
2108,0.66483885
2109,0.6129925
2110,0.6340044
2111,0.62577873
2112,0.5583522
2113,0.90093267
2114,0.56415
2115,0.6580843
2116,0.68863934
2117,0.6945757
2118,0.58106935
2119,0.60480404
2120,0.62962687
2121,0.6624948
2122,0.72183794
2123,0.5789417
2124,0.66434455
2125,0.7067518
2126,0.59574467
2127,0.7023177
2128,0.60186744
2129,0.61259943
2130,0.65414095
2131,0.6864268
2132,0.5842923
2133,0.5654409
2134,0.6532139
2135,0.58252466
2136,0.61358345
2137,0.73109996
2138,0.6961822
2139,0.7349771
2140,0.6194682
2141,0.68746316
2142,0.6627675
2143,0.5766876
2144,0.6414729
2145,0.58279896
2146,0.74161667
2147,0.6108248
2148,0.68797123
2149,0.68336594
2150,0.59834146
2151,0.66580075
2152,0.6504054
2153,0.59325343
2154,0.61109483
2155,0.61322516
2156,0.59718347
2157,0.6042981
2158,0.56574893
2159,0.6502093
2160,0.6281208
2161,0.65893185
2162,0.6068523
2163,0.60121566
2164,0.6055372
2165,0.60727036
2166,0.54388005
2167,0.8074808
2168,0.6001181
2169,0.6023542
2170,0.62789935
2171,0.5698411
2172,0.5967636
2173,0.5842336
2174,0.6221889
2175,0.6141307
2176,0.64763534
2177,0.65938216
2178,0.6367723
2179,0.58827543
2180,0.6783781
2181,0.5964108
2182,0.73906964
2183,0.57483864
2184,0.7190902
2185,0.6090412
2186,0.60020417
2187,0.6232926
2188,0.54373467
2189,0.6081974
2190,0.59394383
2191,0.6590125
2192,0.6197981
2193,0.67515963
2194,0.6710013
2195,0.6454937
2196,0.6005888
2197,0.5746056
2198,0.61942315
2199,0.6302935
2200,0.85488796
2201,0.5308042
2202,0.61400723
2203,0.60843587
2204,0.7690418
2205,0.6115547
2206,0.60221195
2207,0.63275677
2208,0.67741203
2209,0.69027025
2210,0.69444716
2211,0.59548384
2212,0.61324394
2213,0.6706207
2214,0.6320932
2215,0.60123396
2216,0.6124428
2217,0.63639
2218,0.5967839
2219,0.6958059
2220,0.5865694
2221,0.6354855
2222,0.63937795
2223,0.6405462
2224,0.6584947
2225,0.60345685
2226,0.6088296
2227,0.56102324
2228,0.6947951
2229,0.5598271
2230,0.599007
2231,0.6101604
2232,0.5751686
2233,0.6002509
2234,0.6015614
2235,0.81130695
2236,0.6256385
2237,0.62120014
2238,0.61981654
2239,0.7346612
2240,0.6813676
2241,0.62633884
2242,0.56294644
2243,0.5563598
2244,0.66458
2245,0.58793074
2246,0.5866782
2247,0.59642375
2248,0.6182541
2249,0.66345584
2250,0.59104145
2251,0.5373354
2252,0.6380919
2253,0.6729841
2254,0.59887636
2255,0.56839037
2256,0.8273728
2257,0.57272273
2258,0.6649479
2259,0.6109369
2260,0.6639868
2261,0.7464006
2262,0.775096
2263,0.5741419
2264,0.6205189
2265,0.6708697
2266,0.63192236
2267,0.64277726
2268,0.64176667
2269,0.62089616
2270,0.61084
2271,0.6415381
2272,0.6629865
2273,0.6095987
2274,0.5492573
2275,0.67720485
2276,0.6559009
2277,0.68087614
2278,0.71023
2279,0.6477943
2280,0.67994404
2281,0.68004197
2282,0.60731244
2283,0.67173505
2284,0.55876154
2285,0.6440773
2286,0.6350035
2287,0.5839066
2288,0.59156597
2289,0.7250303
2290,0.6645024
2291,0.5588042
2292,0.622012
2293,0.6499515
2294,0.77745163
2295,0.6501763
2296,0.61674744
2297,0.56943727
2298,0.6050539
2299,0.61607087
2300,0.63047147
2301,0.6587118
2302,0.5941943
2303,0.6191634
2304,1.0
2305,0.60656565
2306,0.57925004
2307,0.6095783
2308,0.60353386
2309,0.6761344
2310,0.69433236
2311,0.6068336
2312,0.6490429
2313,0.6095089
2314,0.71889985
2315,0.6135155
2316,0.74216986
2317,0.6064197
2318,0.7266724
2319,0.62498474
2320,0.60666054
2321,0.6386423
2322,0.5736526
2323,0.6851606
2324,0.65641135
2325,0.64545316
2326,0.58254945
2327,0.5921718
2328,0.62433666
2329,0.5956902
2330,0.58124256
2331,0.65371776
2332,0.6832622
2333,0.6238352
2334,0.6643065
2335,0.60893846
2336,0.57409555
2337,0.58958703
2338,0.6325805
2339,0.6027759
2340,0.6590177
2341,0.6771815
2342,0.661088
2343,0.640697
2344,0.6113481
2345,0.5964139
2346,0.5961654
2347,0.63317734
2348,0.6771945
2349,0.58353
2350,0.6806029
2351,0.65104413
2352,0.6060014
2353,0.63323575
2354,0.7027275
2355,0.7206104
2356,0.5640088
2357,0.6173812
2358,0.65271235
2359,0.6749264
2360,0.59147716
2361,0.57822454
2362,0.6622007
2363,0.76297486
2364,0.5947327
2365,0.5834509
2366,0.59237343
2367,0.7767824
2368,0.69444853
2369,0.7538337
2370,0.62376
2371,0.5488089
2372,0.7196455
2373,0.57887715
2374,0.61851907
2375,0.7032932
2376,0.6205322
2377,0.75801915
2378,0.6571101
2379,0.65209305
2380,0.6742727
2381,0.572372
2382,0.64481413
2383,0.65088004
2384,0.61111283
2385,0.5358192
2386,0.64904
2387,0.62108225
2388,0.58734196
2389,0.6510644
2390,0.5448131
2391,0.62897795
2392,0.598133
2393,0.6920509
2394,0.7600566
2395,0.6164736
2396,0.5950237
2397,0.8236175
2398,0.6331297
2399,0.6116783
2400,0.61133134
2401,0.57327074
2402,0.5835903
2403,0.6134105
2404,0.60408515
2405,0.6833098
2406,0.6103967
2407,0.7008807
2408,0.75388265
2409,0.66018087
2410,0.5658425
2411,0.70785457
2412,0.6751596
2413,0.6029364
2414,0.6170743
2415,0.61073124
2416,0.59780955
2417,0.59562194
2418,0.7499799
2419,0.67064744
2420,0.59519833
2421,0.66398627
2422,0.5851832
2423,0.5780889
2424,0.67042524
2425,0.6820007
2426,0.5697334
2427,0.6103601
2428,0.6487059
2429,0.7051406
2430,0.61513555
2431,0.5704827
2432,0.6253482
2433,0.6564305
2434,0.60505414
2435,0.59058106
2436,0.603315
2437,0.5777231
2438,0.74926555
2439,0.5998139
2440,0.6210429
2441,0.5728972
2442,0.59679985
2443,0.58538795
2444,0.6600851
2445,0.53924626
2446,0.6819757
2447,0.698979
2448,0.6301706
2449,0.58306867
2450,0.6093584
2451,0.57359004
2452,0.62127817
2453,0.76144177
2454,0.61552274
2455,0.57730013
2456,0.6292583
2457,0.5661822
2458,0.6257327
2459,0.60788375
2460,0.65510416
2461,0.59906775
2462,0.56447834
2463,0.64604354
2464,0.6732441
2465,0.6050043
2466,0.60962117
2467,0.5581339
2468,0.74000645
2469,0.5697167
2470,0.60074675
2471,0.62220836
2472,0.5771246
2473,0.68965936
2474,0.628757
2475,0.6374989
2476,0.58648366
2477,0.65812266
2478,0.56228375
2479,0.62636906
2480,0.6033894
2481,0.69771636
2482,0.6078604
2483,0.75771785
2484,0.6317161
2485,0.6838841
2486,0.6740107
2487,0.5804048
2488,0.5886075
2489,0.628983
2490,0.61266214
2491,0.60681736
2492,0.7664324
2493,0.674736
2494,0.63964856
2495,0.6287039
2496,0.6187957
2497,0.58818376
2498,0.6107218
2499,0.66463226
2500,0.5762879
2501,0.60844696
2502,0.6406574
2503,0.6852733
2504,0.6522084
2505,0.6588251
2506,0.58061653
2507,0.62460315
2508,0.60476106
2509,0.6333941
2510,0.6449932
2511,0.74021554
2512,0.5398562
2513,0.6303056
2514,0.6376886
2515,0.5105658
2516,0.6930898
2517,0.75488985
2518,0.72310686
2519,0.6371901
2520,0.6372185
2521,0.65384126
2522,0.6257
2523,0.6055356
2524,0.6324084
2525,0.6952965
2526,0.6603649
2527,0.6816255
2528,0.5766086
2529,0.74769056
2530,0.6882307
2531,0.63322973
2532,0.5945163
2533,0.5837587
2534,0.65876734
2535,0.58062124
2536,0.79640603
2537,0.6091056
2538,0.5621797
2539,0.67075384
2540,0.605547
2541,0.62986964
2542,0.6205907
2543,0.6231842
2544,0.67211837
2545,0.70388895
2546,0.65285516
2547,0.68587023
2548,0.59151834
2549,0.54774994
2550,0.57083416
2551,0.81263083
2552,0.5728268
2553,0.5593241
2554,0.5789883
2555,0.59804183
2556,0.5741015
2557,0.5953863
2558,0.5859698
2559,0.69479716
2560,0.7247227
2561,0.6039754
2562,0.758289
2563,0.6539645
2564,0.5829226
2565,0.5856287
2566,0.6112279
2567,0.63923377
2568,0.6122026
2569,0.5760071
2570,0.6293161
2571,0.60880935
2572,0.63251615
2573,0.57371867
2574,0.6180384
2575,0.7283051
2576,0.6525345
2577,0.6460567
2578,0.6183044
2579,0.61084527
2580,0.5637987
2581,0.7155309
2582,0.6367711
2583,0.62418103
2584,0.57581186
2585,0.614723
2586,0.5768927
2587,0.7102428
2588,0.6067256
2589,0.5975384
2590,0.62602544
2591,0.66544974
2592,0.649753
2593,0.62603354
2594,0.6555997
2595,0.5845037
2596,0.59451663
2597,0.56051147
2598,0.62059003
2599,0.5929656
2600,0.60422915
2601,0.5577218
2602,0.59902066
2603,0.62742627
2604,0.5599444
2605,0.59537876
2606,0.606715
2607,0.6443232
2608,0.6387412
2609,0.7455957
2610,0.6761943
2611,0.5703142
2612,0.6817008
2613,0.6034435
2614,0.5322163
2615,0.693586
2616,0.5943559
2617,0.66234785
2618,0.68550545
2619,0.59943
2620,0.6039999
2621,0.63490194
2622,0.70016384
2623,0.59241813
2624,0.6170831
2625,0.6111989
2626,0.6743115
2627,0.65149105
2628,0.618557
2629,0.608067
2630,0.59520125
2631,0.633821
2632,0.6129912
2633,0.688107
2634,0.58424973
2635,0.5872873
2636,0.5710247
2637,0.6772802
2638,0.71132624
2639,0.5650815
2640,0.65141535
2641,0.7309071
2642,0.70377564
2643,0.5856609
2644,0.69670665
2645,0.6207573
2646,0.60539955
2647,0.6393335
2648,0.625914
2649,0.5523736
2650,0.6174795
2651,0.7111933
2652,0.5695638
2653,0.60328865
2654,0.5341792
2655,0.62010026
2656,0.61569047
2657,0.6339042
2658,0.6450759
2659,0.7654961
2660,0.6630181
2661,0.6384603
2662,0.576223
2663,0.60052323
2664,0.6804744
2665,0.610123
2666,0.6259084
2667,0.62422
2668,0.5982886
2669,0.6154319
2670,0.5749054
2671,0.5698695
2672,0.58022755
2673,0.5717276
2674,0.5761046
2675,0.62349486
2676,0.6546565
2677,0.685291
2678,0.6084168
2679,0.5621572
2680,0.6062968
2681,0.5795911
2682,0.57214314
2683,0.6265025
2684,0.6021408
2685,0.6374406
2686,0.64948547
2687,0.6371949
2688,0.6064183
2689,0.5750278
2690,0.60692555
2691,0.5814867
2692,0.56488377
2693,0.70492065
2694,0.61663765
2695,0.5997448
2696,0.54154354
2697,0.7708695
2698,0.5821444
2699,0.64864314
2700,0.63555646
2701,0.6224144
2702,0.6233973
2703,0.5966851
2704,0.58343285
2705,0.56072056
2706,0.73379505
2707,0.6609406
2708,0.63966405
2709,0.57916605
2710,0.7512677
2711,0.7057224
2712,0.600638
2713,0.5722837
2714,0.64099646
2715,0.7128728
2716,0.66546565
2717,0.58265895
2718,0.63360065
2719,0.69106907
2720,0.6609756
2721,0.6338132
2722,0.65327555
2723,0.5081652
2724,0.6929522
2725,0.68342733
2726,0.64698005
2727,0.5998745
2728,0.60478055
2729,0.63983434
2730,0.650485
2731,0.61734277
2732,0.62066174
2733,0.5774946
2734,0.63822955
2735,0.5709509
2736,0.67523694
2737,0.6038528
2738,0.6086155
2739,0.6420576
2740,0.6921147
2741,0.7401522
2742,0.6492002
2743,0.6464771
2744,0.57787955
2745,0.64328504
2746,0.6314528
2747,0.65134084
2748,0.6196856
2749,0.7959821
2750,0.62574315
2751,0.75351167
2752,0.61713713
2753,0.6369857
2754,0.5992094
2755,0.6011039
2756,0.57942986
2757,0.60026383
2758,0.554703
2759,0.61118144
2760,0.623609
2761,0.64823234
2762,0.6245963
2763,0.6197447
2764,0.5901271
2765,0.56404155
2766,0.63650024
2767,0.72405565
2768,0.6440978
2769,0.7009073
2770,0.7039073
2771,0.61650276
2772,0.6533729
2773,0.61573017
2774,0.6295876
2775,0.58723795
2776,0.69697154
2777,0.61628866
2778,0.5919557
2779,0.60119873
2780,0.58352965
2781,0.5734922
2782,0.5477184
2783,0.6212462
2784,0.6186841
2785,0.7118631
2786,0.6452928
2787,0.5604144
2788,0.60938627
2789,0.6184257
2790,0.6378408
2791,0.6917924
2792,0.6333038
2793,0.7270869
2794,0.6012935
2795,0.62364733
2796,0.6602983
2797,0.6979222
2798,0.6093023
2799,0.59899265
2800,0.5951662
2801,0.6411641
2802,0.621728
2803,0.6681579
2804,0.64606565
2805,0.62550366
2806,0.66685265
2807,0.6333443
2808,0.6101363
2809,0.7489406
2810,0.5816694
2811,0.6616367
2812,0.6077687
2813,0.69685256
2814,0.6491074
2815,0.5683927
2816,0.618074
2817,0.770911
2818,0.65018153
2819,0.7151787
2820,1.0
2821,0.623542
2822,0.5429442
2823,0.61236954
2824,0.5778004
2825,0.6856689
2826,0.67979074
2827,0.5887781
2828,0.6176318
2829,0.6259163
2830,0.6733391
2831,0.76366997
2832,0.679412
2833,0.6287682
2834,0.66958475
2835,0.65071625
2836,0.5663486
2837,0.6226287
2838,0.7898395
2839,0.61949915
2840,0.5640577
2841,0.62857413
2842,0.7301109
2843,0.57439774
2844,0.584105
2845,0.7058857
2846,0.64292383
2847,0.6224057
2848,0.62929213
2849,0.6077802
2850,0.55616814
2851,0.58736116
2852,0.63006955
2853,0.7073918
2854,0.6461152
2855,0.5754367
2856,0.6571996
2857,0.6806269
2858,0.57313836
2859,0.5855396
2860,0.5894743
2861,0.6358816
2862,0.5647022
2863,0.65357625
2864,0.59944373
2865,0.61484313
2866,0.65089476
2867,0.5569284
2868,0.639974
2869,0.59900826
2870,0.72215086
2871,0.6073327
2872,0.6687333
2873,0.5961485
2874,0.61532193
2875,0.5303499
2876,0.61933655
2877,0.64089507
2878,0.57921004
2879,0.5904329
2880,0.67644083
2881,0.5671531
2882,0.62219197
2883,0.6278344
2884,0.61525285
2885,0.7263702
2886,0.6864431
2887,0.6248817
2888,0.6890408
2889,0.7033865
2890,0.6360481
2891,0.61501306
2892,0.74750555
2893,0.57926184
2894,0.7241127
2895,0.61488503
2896,0.5947627
2897,0.6151948
2898,0.5664246
2899,0.6284606
2900,0.58973396
2901,0.7564343
2902,0.59581757
2903,0.6573788
2904,0.5987567
2905,0.55073607
2906,0.5413024
2907,0.6335746
2908,0.5996754
2909,0.6372559
2910,0.6312456
2911,0.64920187
2912,0.6308733
2913,0.6586272
2914,0.5976373
2915,0.5912203
2916,0.6500126
2917,0.57633877
2918,0.6503675
2919,0.6218369
2920,0.62846756
2921,0.64160335
2922,0.5125752
2923,0.6829754
2924,0.60839236
2925,0.6465938
2926,0.7715219
2927,0.5720969
2928,0.6787041
2929,0.6970884
2930,0.6369091
2931,0.6680108
2932,0.57464594
2933,0.60302496
2934,0.54050916
2935,0.5558836
2936,0.5740836
2937,0.6006276
2938,0.5864128
2939,0.5816616
2940,0.5963924
2941,0.5983322
2942,0.66635776
2943,0.75716776
2944,0.5871927
2945,0.553368
2946,0.86129534
2947,0.615273
2948,0.6064734
2949,0.63629717
2950,0.53754604
2951,0.7039945
2952,0.62680954
2953,0.6217985
2954,0.6447438
2955,0.595783
2956,0.65388215
2957,0.5760418
2958,0.65197694
2959,0.7315012
2960,0.691362
2961,0.6383449
2962,0.64708465
2963,0.65936565
2964,0.6622799
2965,0.636214
2966,0.6181712
2967,0.6330958
2968,0.63061893
2969,0.6423787
2970,0.6079584
2971,0.60738224
2972,0.70094115
2973,0.6598666
2974,0.588483
2975,0.6451769
2976,0.5737499
2977,0.622131
2978,0.6140153
2979,0.57549644
2980,0.65375006
2981,0.67873883
2982,0.5804679
2983,0.7833932
2984,0.64506024
2985,0.5971136
2986,0.71267974
2987,0.6591817
2988,0.861699
2989,0.67352366
2990,0.5833794
2991,0.6704506
2992,0.68274915
2993,0.5940572
2994,0.6190331
2995,0.6316277
2996,0.6616993
2997,0.6048597
2998,0.64359075
2999,0.6197764
